"Time","系统使用率","用户使用率","磁盘IO使用率","总使用率"
2026-06-12 21:57:15,0.470,0.723,0.0900,1.63
2026-06-12 21:57:30,0.474,0.738,0.0720,11.6
2026-06-12 21:57:45,0.573,0.900,0.0967,1.91
2026-06-12 21:58:00,0.561,0.981,0.0776,12.5
2026-06-12 21:58:15,0.433,0.760,0.0900,1.63
2026-06-12 21:58:30,0.525,0.814,0.0865,12.3
2026-06-12 21:58:45,0.570,1.15,0.0833,2.13
2026-06-12 21:59:00,0.516,0.805,0.0686,12.3
2026-06-12 21:59:15,0.513,0.857,0.0867,1.73
2026-06-12 21:59:30,0.607,0.990,0.0748,12.3
2026-06-12 21:59:45,0.523,0.747,0.0867,1.82
2026-06-12 22:00:00,0.487,0.840,0.0777,12.0
2026-06-12 22:00:15,0.513,0.687,0.0800,1.53
2026-06-12 22:00:30,0.491,0.849,0.0834,12.4
2026-06-12 22:00:45,0.483,0.663,0.0733,1.54
2026-06-12 22:01:00,0.696,0.755,0.0803,12.6
2026-06-12 22:01:15,0.430,0.713,0.0800,1.53
2026-06-12 22:01:30,0.577,0.868,0.0829,6.13
2026-06-12 22:01:45,0.577,0.868,0.0829,6.13
2026-06-12 22:02:00,0.424,0.632,0.0712,12.4
2026-06-12 22:02:15,0.508,0.771,0.0857,6.40
2026-06-12 22:02:30,0.410,0.670,0.0867,1.46
2026-06-12 22:02:45,0.544,0.837,0.0739,12.9
2026-06-12 22:03:00,0.467,0.680,0.0800,1.48
2026-06-12 22:03:15,0.512,0.930,0.0867,12.0
2026-06-12 22:03:30,0.580,0.967,0.113,2.05
2026-06-12 22:03:45,0.570,0.908,0.0687,12.3
2026-06-12 22:04:00,0.657,0.787,0.0767,2.11
2026-06-12 22:04:15,0.547,0.851,0.0717,12.4
2026-06-12 22:04:30,0.733,1.15,0.0833,2.60
2026-06-12 22:04:45,0.539,0.831,0.0685,12.4
2026-06-12 22:05:00,0.490,0.683,0.0900,1.64
2026-06-12 22:05:15,0.487,0.672,0.0716,11.9
2026-06-12 22:05:30,0.600,1.02,0.0900,1.93
2026-06-12 22:05:45,0.492,0.680,0.0686,11.9
2026-06-12 22:06:00,0.453,0.690,0.0867,1.53
2026-06-12 22:06:15,0.453,0.690,0.0867,1.53
2026-06-12 22:06:30,0.727,0.742,0.0715,12.4
2026-06-12 22:06:45,0.550,0.980,0.0767,1.91
2026-06-12 22:07:00,0.418,0.585,0.0775,11.9
2026-06-12 22:07:15,0.507,0.737,0.0900,1.60
2026-06-12 22:07:30,0.437,0.691,0.0808,11.7
2026-06-12 22:07:45,0.520,0.950,0.0733,1.79
2026-06-12 22:08:00,0.489,0.634,0.0775,12.1
2026-06-12 22:08:15,0.440,0.747,0.160,1.67
2026-06-12 22:08:30,0.627,1.32,0.0862,13.2
2026-06-12 22:08:45,0.497,0.740,0.0933,1.61
2026-06-12 22:09:00,0.451,0.636,0.0807,11.8
2026-06-12 22:09:15,0.467,0.683,0.0900,1.50
2026-06-12 22:09:30,0.462,0.792,0.0744,12.2
2026-06-12 22:09:45,0.520,0.637,0.0900,1.57
2026-06-12 22:10:00,0.388,0.664,0.0741,12.5
2026-06-12 22:10:15,0.627,0.863,0.103,1.94
2026-06-12 22:10:30,0.627,0.863,0.103,1.94
2026-06-12 22:10:45,0.478,0.823,0.0713,12.6
2026-06-12 22:11:00,0.537,0.750,0.0900,1.53
2026-06-12 22:11:15,0.446,0.684,0.0732,5.95
2026-06-12 22:11:30,0.429,0.577,0.0740,12.6
2026-06-12 22:11:45,0.747,0.939,0.0875,1.26
2026-06-12 22:12:00,0.445,0.671,0.0736,13.1
2026-06-12 22:12:15,0.451,0.717,0.0793,6.25
2026-06-12 22:12:30,0.500,0.653,0.0867,1.51
2026-06-12 22:12:45,0.483,0.776,0.0770,12.7
2026-06-12 22:13:00,0.543,0.893,0.0833,1.85
2026-06-12 22:13:15,0.465,0.727,0.0775,12.1
2026-06-12 22:13:30,0.577,1.03,0.0933,2.11
2026-06-12 22:13:45,0.486,0.868,0.0924,12.2
2026-06-12 22:14:00,0.470,0.740,0.0933,1.55
2026-06-12 22:14:15,0.386,0.583,0.0773,12.2
2026-06-12 22:14:30,0.743,1.21,0.0833,2.41
2026-06-12 22:14:45,0.401,0.605,0.0653,12.3
2026-06-12 22:15:00,0.523,0.710,0.0900,1.63
2026-06-12 22:15:15,0.523,0.710,0.0900,1.63
2026-06-12 22:15:30,0.400,0.621,0.0776,11.8
2026-06-12 22:15:45,0.520,0.767,0.0767,1.74
2026-06-12 22:16:00,0.420,0.737,0.0626,12.0
2026-06-12 22:16:15,0.737,1.20,0.0833,2.58
2026-06-12 22:16:30,0.378,0.660,0.0600,11.3
2026-06-12 22:16:45,0.530,0.997,0.0500,1.83
2026-06-12 22:17:00,0.653,0.765,0.0738,13.1
2026-06-12 22:17:15,0.470,0.657,0.0800,1.50
2026-06-12 22:17:30,0.447,0.894,0.0745,12.2
2026-06-12 22:17:45,0.517,0.767,0.0900,1.61
2026-06-12 22:18:00,0.410,0.730,0.0838,11.6
2026-06-12 22:18:15,0.487,0.700,0.0700,1.53
2026-06-12 22:18:30,0.476,0.806,0.0744,12.3
2026-06-12 22:18:45,0.457,0.657,0.0733,1.53
2026-06-12 22:19:00,0.454,0.979,0.101,12.8
2026-06-12 22:19:15,0.467,0.713,0.0833,1.52
2026-06-12 22:19:30,0.467,0.713,0.0833,1.52
2026-06-12 22:19:45,0.495,0.686,0.0806,12.0
2026-06-12 22:20:00,0.457,0.643,0.0767,1.49
2026-06-12 22:20:15,0.415,0.752,0.0716,11.9
2026-06-12 22:20:30,0.467,0.723,0.0900,1.54
2026-06-12 22:20:45,0.446,0.696,0.0655,12.2
2026-06-12 22:21:00,0.500,0.633,0.0900,1.57
2026-06-12 22:21:15,0.432,0.685,0.0745,12.1
2026-06-12 22:21:30,0.460,0.730,0.0933,1.57
2026-06-12 22:21:45,0.438,0.793,0.0634,6.44
2026-06-12 22:22:00,1.05,1.43,0.393,15.3
2026-06-12 22:22:15,1.05,1.43,0.393,15.3
2026-06-12 22:22:30,1.05,1.43,0.393,15.3
2026-06-12 22:22:45,1.05,1.43,0.393,15.3
2026-06-12 22:23:00,1.05,1.43,0.393,15.3
2026-06-12 22:23:15,1.05,1.43,0.393,15.3
2026-06-12 22:23:30,1.05,1.43,0.393,15.3
2026-06-12 22:23:45,1.05,1.43,0.393,15.3
2026-06-12 22:24:00,1.05,1.43,0.393,15.3
2026-06-12 22:24:15,1.05,1.43,0.393,15.3
2026-06-12 22:24:30,1.05,1.43,0.393,15.3
2026-06-12 22:24:45,1.05,1.43,0.393,15.3
2026-06-12 22:25:00,1.05,1.43,0.393,15.3
2026-06-12 22:25:15,1.05,1.43,0.393,15.3
2026-06-12 22:25:30,1.05,1.43,0.393,15.3
2026-06-12 22:25:45,1.05,1.43,0.393,15.3
2026-06-12 22:26:00,1.05,1.43,0.393,15.3
2026-06-12 22:26:15,1.05,1.43,0.393,15.3
2026-06-12 22:26:30,1.05,1.43,0.393,15.3
2026-06-12 22:26:45,0.0638,0.0752,0.00571,94.8
2026-06-12 22:27:00,1.21,22.8,0.172,24.0
2026-06-12 22:27:15,0.904,31.5,0.164,21.0
2026-06-12 22:27:30,1.01,32.5,0.177,16.6
2026-06-12 22:27:45,0.907,28.5,0.0972,26.3
2026-06-12 22:28:00,1.32,31.5,0.190,16.5
2026-06-12 22:28:15,0.992,26.7,0.126,25.5
2026-06-12 22:28:30,0.957,30.8,0.127,14.8
2026-06-12 22:28:45,0.853,26.3,0.100,25.4
2026-06-12 22:29:00,0.943,31.0,0.0967,14.7
2026-06-12 22:29:15,0.903,27.8,0.0835,24.2
2026-06-12 22:29:30,1.51,29.8,0.173,15.5
2026-06-12 22:29:45,1.51,29.8,0.173,15.5
2026-06-12 22:30:00,1.04,25.7,0.137,23.7
2026-06-12 22:30:15,0.863,27.8,0.100,13.7
2026-06-12 22:30:30,1.09,25.0,0.148,23.9
2026-06-12 22:30:45,0.900,26.9,0.0767,12.7
2026-06-12 22:31:00,0.833,25.2,0.0881,17.9
2026-06-12 22:31:15,0.880,23.8,0.0895,21.9
2026-06-12 22:31:30,0.949,25.4,0.0814,18.1
2026-06-12 22:31:45,0.817,26.3,0.0800,12.3
2026-06-12 22:32:00,1.30,22.9,0.0974,23.6
2026-06-12 22:32:15,0.933,25.8,0.0767,12.4
2026-06-12 22:32:30,0.839,24.4,0.0908,18.1
2026-06-12 22:32:45,0.819,22.9,0.0628,21.6
2026-06-12 22:33:00,0.882,24.8,0.0790,17.2
2026-06-12 22:33:15,0.800,26.1,0.0600,12.4
2026-06-12 22:33:30,0.819,23.2,0.0742,22.4
2026-06-12 22:33:45,0.873,25.9,0.0867,12.5
2026-06-12 22:34:00,0.873,25.9,0.0867,12.5
2026-06-12 22:34:15,0.675,22.6,0.0796,22.6
2026-06-12 22:34:30,0.920,26.7,0.0833,12.9
2026-06-12 22:34:45,0.829,22.5,0.0888,22.4
2026-06-12 22:35:00,0.817,26.4,0.0933,12.3
2026-06-12 22:35:15,0.752,23.3,0.0617,22.8
2026-06-12 22:35:30,0.973,26.9,0.0933,12.9
2026-06-12 22:35:45,0.784,23.5,0.0680,22.5
2026-06-12 22:36:00,0.870,26.5,0.1000,12.4
2026-06-12 22:36:15,0.706,23.7,0.0778,21.5
2026-06-12 22:36:30,0.923,26.6,0.0967,12.8
2026-06-12 22:36:45,0.917,23.7,0.0863,22.1
2026-06-12 22:37:00,0.843,26.4,0.0800,12.5
2026-06-12 22:37:15,1.17,23.4,0.0712,22.6
2026-06-12 22:37:30,0.727,10.00,0.213,6.08
2026-06-12 22:37:45,0.487,0.829,0.0981,12.5
2026-06-12 22:38:00,0.573,0.850,0.0900,1.98
2026-06-12 22:38:15,0.573,0.850,0.0900,1.98
2026-06-12 22:38:30,0.553,0.958,0.0714,12.6
2026-06-12 22:38:45,0.490,0.707,0.0767,1.62
2026-06-12 22:39:00,0.474,0.730,0.0853,6.87
2026-06-12 22:39:15,0.437,0.806,0.0738,13.1
2026-06-12 22:39:30,0.744,1.37,0.0816,8.55
2026-06-12 22:39:45,0.600,0.850,0.0833,1.94
2026-06-12 22:40:00,0.454,0.686,0.0772,12.5
2026-06-12 22:40:15,0.540,0.690,0.0833,1.73
2026-06-12 22:40:30,0.600,0.932,0.0831,13.0
2026-06-12 22:40:45,0.530,0.847,0.0833,1.77
2026-06-12 22:41:00,0.445,0.717,0.0652,12.7
2026-06-12 22:41:15,0.530,0.680,0.0800,1.62
2026-06-12 22:41:30,0.642,0.996,0.0743,12.8
2026-06-12 22:41:45,0.530,0.747,0.0800,1.70
2026-06-12 22:42:00,0.484,0.678,0.0773,12.3
2026-06-12 22:42:15,0.577,1.09,0.0800,2.10
2026-06-12 22:42:30,0.577,1.09,0.0800,2.10
2026-06-12 22:42:45,0.781,0.798,0.0739,13.3
2026-06-12 22:43:00,0.630,0.913,0.0900,2.11
2026-06-12 22:43:15,0.676,1.15,0.0874,14.9
2026-06-12 22:43:30,0.623,1.23,0.0867,2.44
2026-06-12 22:43:45,0.612,0.862,0.0912,14.0
2026-06-12 22:44:00,0.750,1.10,0.0833,2.70
2026-06-12 22:44:15,0.497,0.784,0.105,10.1
2026-06-12 22:44:30,0.673,1.07,0.0900,2.55
2026-06-12 22:44:45,0.537,1.00,0.0818,14.4
2026-06-12 22:45:00,0.603,0.827,0.0900,1.94
2026-06-12 22:45:15,0.502,0.739,0.0742,12.6
2026-06-12 22:45:30,0.690,1.25,0.0867,2.54
2026-06-12 22:45:45,0.524,0.841,0.0651,12.9
2026-06-12 22:46:00,0.560,0.870,0.0967,1.93
2026-06-12 22:46:15,0.468,0.658,0.0682,12.6
2026-06-12 22:46:30,0.603,1.06,0.0833,2.22
2026-06-12 22:46:45,0.603,1.06,0.0833,2.22
2026-06-12 22:47:00,0.580,0.945,0.0681,13.2
2026-06-12 22:47:15,0.653,1.09,0.0767,2.27
2026-06-12 22:47:30,0.541,0.910,0.0684,12.6
2026-06-12 22:47:45,0.603,0.870,0.0867,1.92
2026-06-12 22:48:00,0.611,0.880,0.0800,13.1
2026-06-12 22:48:15,1.00,1.00,0.0900,2.69
2026-06-12 22:48:30,0.637,1.06,0.0863,12.9
2026-06-12 22:48:45,0.487,0.797,0.0800,1.77
2026-06-12 22:49:00,0.537,0.758,0.0708,13.2
2026-06-12 22:49:15,0.547,0.740,0.0900,1.78
2026-06-12 22:49:30,0.553,0.981,0.0713,12.9
2026-06-12 22:49:45,0.597,0.970,0.0800,2.08
2026-06-12 22:50:00,0.541,1.07,0.0798,13.3
2026-06-12 22:50:15,0.573,0.920,0.0833,1.97
2026-06-12 22:50:30,0.531,1.12,0.0801,13.1
2026-06-12 22:50:45,0.573,0.917,0.0867,1.91
2026-06-12 22:51:00,0.573,0.917,0.0867,1.91
2026-06-12 22:51:15,0.509,0.824,0.0803,12.5
2026-06-12 22:51:30,0.720,1.19,0.0733,2.47
2026-06-12 22:51:45,0.536,0.821,0.0800,12.8
2026-06-12 22:52:00,0.570,0.970,0.0700,2.11
2026-06-12 22:52:15,0.446,0.604,0.0714,12.3
2026-06-12 22:52:30,0.577,0.897,0.0833,1.89
2026-06-12 22:52:45,0.408,0.647,0.0768,12.8
2026-06-12 22:53:00,0.783,0.783,0.0867,1.95
2026-06-12 22:53:15,0.434,0.684,0.0743,12.2
2026-06-12 22:53:30,0.917,1.04,0.0833,2.42
2026-06-12 22:53:45,0.388,0.610,0.0829,12.5
2026-06-12 22:54:00,0.653,0.933,0.0900,2.11
2026-06-12 22:54:15,0.435,0.594,0.0798,12.6
2026-06-12 22:54:30,0.547,0.873,0.0833,1.86
2026-06-12 22:54:45,0.377,0.648,0.0684,12.2
2026-06-12 22:55:00,0.547,0.743,0.0933,1.58
2026-06-12 22:55:15,0.547,0.743,0.0933,1.58
2026-06-12 22:55:30,0.507,0.913,0.0771,12.9
2026-06-12 22:55:45,0.500,0.753,0.1000,1.57
2026-06-12 22:56:00,0.407,0.588,0.0623,12.3
2026-06-12 22:56:15,0.487,0.750,0.0733,1.58
2026-06-12 22:56:30,0.589,1.10,0.0473,13.3
2026-06-12 22:56:45,0.407,0.790,0.0667,1.57
2026-06-12 22:57:00,0.424,0.629,0.0564,12.3
2026-06-12 22:57:15,0.497,0.687,0.0733,1.57

