"Time","总内存","已用","可用","192.168.49.2:9100_已用(total-cache-buf-free)","使用率"
2026-06-12 21:30:00,,,,,42.3
2026-06-12 21:57:15,8129785856,3550187520,4579598336,7262576640,
2026-06-12 21:57:30,8129785856,3556937728,4572848128,7255543808,
2026-06-12 21:57:45,8129785856,3565170688,4564615168,7247237120,
2026-06-12 21:58:00,8129785856,3583119360,4546666496,7227445248,
2026-06-12 21:58:15,8129785856,3582840832,4546945024,7226945536,
2026-06-12 21:58:30,8129785856,3587637248,4542148608,7221633024,
2026-06-12 21:58:45,8129785856,3589816320,4539969536,7219200000,
2026-06-12 21:59:00,8129785856,3592249344,4537536512,7214514176,
2026-06-12 21:59:15,8129785856,3596832768,4532953088,7209299968,
2026-06-12 21:59:30,8129785856,3607625728,4522160128,7197859840,
2026-06-12 21:59:45,8129785856,3606274048,4523511808,7199178752,
2026-06-12 22:00:00,8129785856,3608731648,4521054208,7194443776,44.4
2026-06-12 22:00:15,8129785856,3609698304,4520087552,7184371712,
2026-06-12 22:00:30,8129785856,3612413952,4517371904,7155294208,
2026-06-12 22:00:45,8129785856,3604426752,4525359104,7163109376,
2026-06-12 22:01:00,8129785856,3600986112,4528799744,7164776448,
2026-06-12 22:01:15,8129785856,3590660096,4539125760,7174533120,
2026-06-12 22:01:30,8129785856,3584598016,4545187840,7179653120,
2026-06-12 22:01:45,8129785856,3584598016,4545187840,7179653120,
2026-06-12 22:02:00,8129785856,3549487104,4580298752,7214473216,
2026-06-12 22:02:15,8129785856,3530047488,4599738368,7232327680,
2026-06-12 22:02:30,8129785856,3535155200,4594630656,7226650624,
2026-06-12 22:02:45,8129785856,3532484608,4597301248,7228268544,
2026-06-12 22:03:00,8129785856,3540840448,4588945408,7219814400,
2026-06-12 22:03:15,8129785856,3598151680,4531634176,7160520704,
2026-06-12 22:03:30,8129785856,3612864512,4516921344,7144923136,
2026-06-12 22:03:45,8129785856,3609481216,4520304640,7147642880,
2026-06-12 22:04:00,8129785856,3625336832,4504449024,7131549696,
2026-06-12 22:04:15,8129785856,3620982784,4508803072,7134294016,
2026-06-12 22:04:30,8129785856,3604590592,4525195264,7150108672,
2026-06-12 22:04:45,8129785856,3593023488,4536762368,7160614912,
2026-06-12 22:05:00,8129785856,3604398080,4525387776,7149187072,
2026-06-12 22:05:15,8129785856,3602202624,4527583232,7149568000,
2026-06-12 22:05:30,8129785856,3545313280,4584472576,7205670912,
2026-06-12 22:05:45,8129785856,3538096128,4591689728,7211933696,
2026-06-12 22:06:00,8129785856,3540455424,4589330432,7209480192,
2026-06-12 22:06:15,8129785856,3540455424,4589330432,7209480192,
2026-06-12 22:06:30,8129785856,3536510976,4593274880,7211716608,
2026-06-12 22:06:45,8129785856,3538087936,4591697920,7209304064,
2026-06-12 22:07:00,8129785856,3531636736,4598149120,7214809088,
2026-06-12 22:07:15,8129785856,3532136448,4597649408,7214358528,
2026-06-12 22:07:30,8129785856,3531427840,4598358016,7214854144,
2026-06-12 22:07:45,8129785856,3541225472,4588560384,7202516992,
2026-06-12 22:08:00,8129785856,3531595776,4598190080,7211241472,
2026-06-12 22:08:15,8129785856,3538948096,4590837760,7203397632,
2026-06-12 22:08:30,8129785856,3604344832,4525441024,7137132544,
2026-06-12 22:08:45,8129785856,3597144064,4532641792,7143088128,
2026-06-12 22:09:00,8129785856,3597258752,4532527104,7142727680,
2026-06-12 22:09:15,8129785856,3597230080,4532555776,7141036032,
2026-06-12 22:09:30,8129785856,3601567744,4528218112,7135899648,
2026-06-12 22:09:45,8129785856,3602886656,4526899200,7134191616,
2026-06-12 22:10:00,8129785856,3600814080,4528971776,7136321536,
2026-06-12 22:10:15,8129785856,3621531648,4508254208,7113277440,
2026-06-12 22:10:30,8129785856,3621531648,4508254208,7113277440,
2026-06-12 22:10:45,8129785856,3538067456,4591718400,7195910144,
2026-06-12 22:11:00,8129785856,3542347776,4587438080,7191175168,
2026-06-12 22:11:15,8129785856,3540275200,4589510656,7193362432,
2026-06-12 22:11:30,8129785856,3550523392,4579262464,7180906496,
2026-06-12 22:11:45,8129785856,3544657920,4585127936,7185981440,
2026-06-12 22:12:00,8129785856,3548532736,4581253120,7180840960,
2026-06-12 22:12:15,8129785856,3538976768,4590809088,7190401024,
2026-06-12 22:12:30,8129785856,3539771392,4590014464,7187611648,
2026-06-12 22:12:45,8129785856,3531653120,4598132736,7195099136,
2026-06-12 22:13:00,8129785856,3553697792,4576088064,7172124672,
2026-06-12 22:13:15,8129785856,3520856064,4608929792,7204806656,
2026-06-12 22:13:30,8129785856,3488313344,4641472512,7235510272,
2026-06-12 22:13:45,8129785856,3561398272,4568387584,7161544704,
2026-06-12 22:14:00,8129785856,3569336320,4560449536,7152779264,
2026-06-12 22:14:15,8129785856,3583893504,4545892352,7138230272,
2026-06-12 22:14:30,8129785856,3592663040,4537122816,7127576576,
2026-06-12 22:14:45,8129785856,3588505600,4541280256,7130869760,
2026-06-12 22:15:00,8129785856,3603472384,4526313472,7115034624,
2026-06-12 22:15:15,8129785856,3603472384,4526313472,7115034624,
2026-06-12 22:15:30,8129785856,3601235968,4528549888,7116320768,
2026-06-12 22:15:45,8129785856,3610423296,4519362560,7106260992,
2026-06-12 22:16:00,8129785856,3529003008,4600782848,7187742720,
2026-06-12 22:16:15,8129785856,3468800000,4660985856,7246036992,
2026-06-12 22:16:30,8129785856,3477086208,4652699648,7236804608,
2026-06-12 22:16:45,8129785856,3465723904,4664061952,7247278080,
2026-06-12 22:17:00,8129785856,3468369920,4661415936,7244754944,
2026-06-12 22:17:15,8129785856,3472977920,4656807936,7239995392,
2026-06-12 22:17:30,8129785856,3481346048,4648439808,7229095936,
2026-06-12 22:17:45,8129785856,3487973376,4641812480,7221673984,
2026-06-12 22:18:00,8129785856,3483697152,4646088704,7225749504,
2026-06-12 22:18:15,8129785856,3486195712,4643590144,7223087104,
2026-06-12 22:18:30,8129785856,3473903616,4655882240,7232937984,
2026-06-12 22:18:45,8129785856,3489595392,4640190464,7216451584,
2026-06-12 22:19:00,8129785856,3581206528,4548579328,7123849216,
2026-06-12 22:19:15,8129785856,3587379200,4542406656,7116861440,
2026-06-12 22:19:30,8129785856,3587379200,4542406656,7116861440,
2026-06-12 22:19:45,8129785856,3598065664,4531720192,7105601536,
2026-06-12 22:20:00,8129785856,3611623424,4518162432,7092011008,
2026-06-12 22:20:15,8129785856,3609034752,4520751104,7092436992,
2026-06-12 22:20:30,8129785856,3606614016,4523171840,7094079488,
2026-06-12 22:20:45,8129785856,3603222528,4526563328,7096774656,
2026-06-12 22:21:00,8129785856,3606528000,4523257856,7093264384,
2026-06-12 22:21:15,8129785856,3524800512,4604985344,7173156864,
2026-06-12 22:21:30,8129785856,3521466368,4608319488,7175716864,
2026-06-12 22:21:45,8129785856,3520614400,4609171456,7175794688,
2026-06-12 22:22:00,8129785856,3438161920,4691623936,7258312704,
2026-06-12 22:22:15,8129785856,3438161920,4691623936,7258312704,
2026-06-12 22:22:30,8129785856,3438161920,4691623936,7258312704,
2026-06-12 22:22:45,8129785856,3438161920,4691623936,7258312704,
2026-06-12 22:23:00,8129785856,3438161920,4691623936,7258312704,
2026-06-12 22:23:15,8129785856,3438161920,4691623936,7258312704,
2026-06-12 22:23:30,8129785856,3438161920,4691623936,7258312704,
2026-06-12 22:23:45,8129785856,3438161920,4691623936,7258312704,
2026-06-12 22:24:00,8129785856,3438161920,4691623936,7258312704,
2026-06-12 22:24:15,8129785856,3438161920,4691623936,7258312704,
2026-06-12 22:24:30,8129785856,3438161920,4691623936,7258312704,
2026-06-12 22:24:45,8129785856,3438161920,4691623936,7258312704,
2026-06-12 22:25:00,8129785856,3438161920,4691623936,7258312704,
2026-06-12 22:25:15,8129785856,3438161920,4691623936,7258312704,
2026-06-12 22:25:30,8129785856,3438161920,4691623936,7258312704,
2026-06-12 22:25:45,8129785856,3438161920,4691623936,7258312704,
2026-06-12 22:26:00,8129785856,3438161920,4691623936,7258312704,
2026-06-12 22:26:15,8129785856,3438161920,4691623936,7258312704,
2026-06-12 22:26:30,8129785856,3438161920,4691623936,7258312704,
2026-06-12 22:26:45,8129785856,3495399424,4634386432,7198040064,
2026-06-12 22:27:00,8129785856,3501953024,4627832832,7156813824,
2026-06-12 22:27:15,8129785856,3473715200,4656070656,7185887232,
2026-06-12 22:27:30,8129785856,3522158592,4607627264,7136747520,
2026-06-12 22:27:45,8129785856,3584483328,4545302528,7072198656,
2026-06-12 22:28:00,8129785856,3505258496,4624527360,7156043776,
2026-06-12 22:28:15,8129785856,3501166592,4628619264,7166595072,
2026-06-12 22:28:30,8129785856,3510390784,4619395072,7157714944,
2026-06-12 22:28:45,8129785856,3604598784,4525187072,7061110784,
2026-06-12 22:29:00,8129785856,3557081088,4572704768,7107670016,
2026-06-12 22:29:15,8129785856,3586318336,4543467520,7077666816,
2026-06-12 22:29:30,8129785856,3566600192,4563185664,7104856064,
2026-06-12 22:29:45,8129785856,3566600192,4563185664,7104856064,
2026-06-12 22:30:00,8129785856,3556376576,4573409280,7113035776,43.7
2026-06-12 22:30:15,8129785856,3575250944,4554534912,7092473856,
2026-06-12 22:30:30,8129785856,3547381760,4582404096,7121268736,
2026-06-12 22:30:45,8129785856,3516235776,4613550080,7152435200,
2026-06-12 22:31:00,8129785856,3509747712,4620038144,7157276672,
2026-06-12 22:31:15,8129785856,3515379712,4614406144,7151042560,
2026-06-12 22:31:30,8129785856,3520114688,4609671168,7145590784,
2026-06-12 22:31:45,8129785856,3529707520,4600078336,7135870976,
2026-06-12 22:32:00,8129785856,3522424832,4607361024,7129251840,
2026-06-12 22:32:15,8129785856,3518013440,4611772416,7130144768,
2026-06-12 22:32:30,8129785856,3512700928,4617084928,7134720000,
2026-06-12 22:32:45,8129785856,3519037440,4610748416,7128248320,
2026-06-12 22:33:00,8129785856,3523153920,4606631936,7124074496,
2026-06-12 22:33:15,8129785856,3522449408,4607336448,7122542592,
2026-06-12 22:33:30,8129785856,3535896576,4593889280,7108481024,
2026-06-12 22:33:45,8129785856,3533017088,4596768768,7110877184,
2026-06-12 22:34:00,8129785856,3533017088,4596768768,7110877184,
2026-06-12 22:34:15,8129785856,3530088448,4599697408,7113936896,
2026-06-12 22:34:30,8129785856,3512864768,4616921088,7129026560,
2026-06-12 22:34:45,8129785856,3514707968,4615077888,7126401024,
2026-06-12 22:35:00,8129785856,3523395584,4606390272,7117176832,
2026-06-12 22:35:15,8129785856,3524509696,4605276160,7116144640,
2026-06-12 22:35:30,8129785856,3525017600,4604768256,7113752576,
2026-06-12 22:35:45,8129785856,3525484544,4604301312,7112577024,
2026-06-12 22:36:00,8129785856,3530768384,4599017472,7105966080,
2026-06-12 22:36:15,8129785856,3534589952,4595195904,7100493824,
2026-06-12 22:36:30,8129785856,3545915392,4583870464,7087009792,
2026-06-12 22:36:45,8129785856,3632656384,4497129472,6999527424,
2026-06-12 22:37:00,8129785856,3634659328,4495126528,6996828160,
2026-06-12 22:37:15,8129785856,3624382464,4505403392,7006646272,
2026-06-12 22:37:30,8129785856,3562524672,4567261184,7088111616,
2026-06-12 22:37:45,8129785856,3570130944,4559654912,7079608320,
2026-06-12 22:38:00,8129785856,3574714368,4555071488,7074287616,
2026-06-12 22:38:15,8129785856,3574714368,4555071488,7074287616,
2026-06-12 22:38:30,8129785856,3609575424,4520210432,7039397888,
2026-06-12 22:38:45,8129785856,3612958720,4516827136,7034343424,
2026-06-12 22:39:00,8129785856,3604926464,4524859392,7041662976,
2026-06-12 22:39:15,8129785856,3601334272,4528451584,7044358144,
2026-06-12 22:39:30,8129785856,3596431360,4533354496,7049035776,
2026-06-12 22:39:45,8129785856,3604905984,4524879872,7038484480,
2026-06-12 22:40:00,8129785856,3602092032,4527693824,7040778240,
2026-06-12 22:40:15,8129785856,3613048832,4516737024,7028695040,
2026-06-12 22:40:30,8129785856,3588898816,4540887040,7044235264,
2026-06-12 22:40:45,8129785856,3587346432,4542439424,7018663936,
2026-06-12 22:41:00,8129785856,3585523712,4544262144,7019622400,
2026-06-12 22:41:15,8129785856,3600711680,4529074176,7003746304,
2026-06-12 22:41:30,8129785856,3592622080,4537163776,7011659776,
2026-06-12 22:41:45,8129785856,3591839744,4537946112,7012282368,
2026-06-12 22:42:00,8129785856,3592486912,4537298944,7009488896,
2026-06-12 22:42:15,8129785856,3574890496,4554895360,7026741248,
2026-06-12 22:42:30,8129785856,3574890496,4554895360,7026741248,
2026-06-12 22:42:45,8129785856,3563204608,4566581248,7037530112,
2026-06-12 22:43:00,8129785856,3544039424,4585746432,7056306176,
2026-06-12 22:43:15,8129785856,3548524544,4581261312,7049834496,
2026-06-12 22:43:30,8129785856,3577397248,4552388608,7019978752,
2026-06-12 22:43:45,8129785856,3573772288,4556013568,7023013888,
2026-06-12 22:44:00,8129785856,3588648960,4541136896,7008260096,
2026-06-12 22:44:15,8129785856,3609059328,4520726528,6985228288,
2026-06-12 22:44:30,8129785856,3581505536,4548280320,7011917824,
2026-06-12 22:44:45,8129785856,3631050752,4498735104,6961201152,
2026-06-12 22:45:00,8129785856,3640143872,4489641984,6952263680,
2026-06-12 22:45:15,8129785856,3634753536,4495032320,6955188224,
2026-06-12 22:45:30,8129785856,3614687232,4515098624,6974332928,
2026-06-12 22:45:45,8129785856,3605540864,4524244992,6982889472,
2026-06-12 22:46:00,8129785856,3618312192,4511473664,6970241024,
2026-06-12 22:46:15,8129785856,3622420480,4507365376,6963912704,
2026-06-12 22:46:30,8129785856,3640541184,4489244672,6944907264,
2026-06-12 22:46:45,8129785856,3640541184,4489244672,6944907264,
2026-06-12 22:47:00,8129785856,3587416064,4542369792,6997397504,
2026-06-12 22:47:15,8129785856,3585822720,4543963136,6999085056,
2026-06-12 22:47:30,8129785856,3581177856,4548608000,7001526272,
2026-06-12 22:47:45,8129785856,3584028672,4545757184,6997839872,
2026-06-12 22:48:00,8129785856,3581378560,4548407296,6999707648,
2026-06-12 22:48:15,8129785856,3576492032,4553293824,7004762112,
2026-06-12 22:48:30,8129785856,3585753088,4544032768,6993453056,
2026-06-12 22:48:45,8129785856,3589496832,4540289024,6988840960,
2026-06-12 22:49:00,8129785856,3568406528,4561379328,7009173504,
2026-06-12 22:49:15,8129785856,3583365120,4546420736,6994247680,
2026-06-12 22:49:30,8129785856,3558264832,4571521024,7017439232,
2026-06-12 22:49:45,8129785856,3562209280,4567576576,7012634624,
2026-06-12 22:50:00,8129785856,3563663360,4566122496,7010254848,
2026-06-12 22:50:15,8129785856,3577102336,4552683520,6996865024,
2026-06-12 22:50:30,8129785856,3584065536,4545720320,6988070912,
2026-06-12 22:50:45,8129785856,3591864320,4537921536,6979416064,
2026-06-12 22:51:00,8129785856,3591864320,4537921536,6979416064,
2026-06-12 22:51:15,8129785856,3579056128,4550729728,6991413248,
2026-06-12 22:51:30,8129785856,3586203648,4543582208,6984302592,
2026-06-12 22:51:45,8129785856,3573739520,4556046336,6996811776,
2026-06-12 22:52:00,8129785856,3576573952,4553211904,6991208448,
2026-06-12 22:52:15,8129785856,3579375616,4550410240,6987608064,
2026-06-12 22:52:30,8129785856,3592278016,4537507840,6974578688,
2026-06-12 22:52:45,8129785856,3586084864,4543700992,6980878336,
2026-06-12 22:53:00,8129785856,3592744960,4537040896,6971138048,
2026-06-12 22:53:15,8129785856,3579101184,4550684672,6983888896,
2026-06-12 22:53:30,8129785856,3566780416,4563005440,6995857408,
2026-06-12 22:53:45,8129785856,3570962432,4558823424,6991790080,
2026-06-12 22:54:00,8129785856,3591761920,4538023936,6968573952,
2026-06-12 22:54:15,8129785856,3586674688,4543111168,6972760064,
2026-06-12 22:54:30,8129785856,3601199104,4528586752,6957592576,
2026-06-12 22:54:45,8129785856,3572977664,4556808192,6985711616,
2026-06-12 22:55:00,8129785856,3576254464,4553531392,6980530176,
2026-06-12 22:55:15,8129785856,3576254464,4553531392,6980530176,
2026-06-12 22:55:30,8129785856,3599552512,4530233344,6956339200,
2026-06-12 22:55:45,8129785856,3613159424,4516626432,6942109696,
2026-06-12 22:56:00,8129785856,3610112000,4519673856,6945218560,
2026-06-12 22:56:15,8129785856,3611099136,4518686720,6942113792,
2026-06-12 22:56:30,8129785856,3594797056,4534988800,6957760512,
2026-06-12 22:56:45,8129785856,3597062144,4532723712,6954430464,
2026-06-12 22:57:00,8129785856,3590078464,4539707392,6961356800,
2026-06-12 22:57:15,8129785856,3598204928,4531580928,6951456768,

