"Time","1分钟负载","5分钟负载","15分钟负载","CPU总核数"
2026-06-12 21:57:15,2.17,3.14,1.91,20
2026-06-12 21:57:30,1.69,2.98,1.88,20
2026-06-12 21:57:45,1.39,2.85,1.86,20
2026-06-12 21:58:00,1.16,2.73,1.83,20
2026-06-12 21:58:15,1.14,2.64,1.82,20
2026-06-12 21:58:30,1.30,2.61,1.82,20
2026-06-12 21:58:45,1.01,2.48,1.79,20
2026-06-12 21:59:00,1.09,2.43,1.78,20
2026-06-12 21:59:15,0.850,2.31,1.75,20
2026-06-12 21:59:30,0.660,2.19,1.73,20
2026-06-12 21:59:45,0.510,2.09,1.70,20
2026-06-12 22:00:00,0.400,1.98,1.67,20
2026-06-12 22:00:15,0.460,1.92,1.65,20
2026-06-12 22:00:30,0.360,1.82,1.63,20
2026-06-12 22:00:45,0.350,1.75,1.60,20
2026-06-12 22:01:00,0.270,1.66,1.58,20
2026-06-12 22:01:15,0.210,1.58,1.55,20
2026-06-12 22:01:30,0.230,1.52,1.53,20
2026-06-12 22:01:45,0.230,1.52,1.53,20
2026-06-12 22:02:00,0.180,1.44,1.51,20
2026-06-12 22:02:15,0.140,1.37,1.48,20
2026-06-12 22:02:30,0.110,1.30,1.46,20
2026-06-12 22:02:45,0.0800,1.24,1.43,20
2026-06-12 22:03:00,0.0600,1.18,1.41,20
2026-06-12 22:03:15,0.0500,1.12,1.39,20
2026-06-12 22:03:30,0.440,1.16,1.40,20
2026-06-12 22:03:45,0.420,1.12,1.38,20
2026-06-12 22:04:00,0.330,1.06,1.35,20
2026-06-12 22:04:15,0.250,1.01,1.33,20
2026-06-12 22:04:30,0.200,0.960,1.31,20
2026-06-12 22:04:45,0.150,0.910,1.29,20
2026-06-12 22:05:00,0.280,0.900,1.28,20
2026-06-12 22:05:15,0.220,0.860,1.26,20
2026-06-12 22:05:30,0.240,0.830,1.24,20
2026-06-12 22:05:45,0.320,0.820,1.23,20
2026-06-12 22:06:00,0.250,0.780,1.21,20
2026-06-12 22:06:15,0.250,0.780,1.21,20
2026-06-12 22:06:30,0.200,0.740,1.19,20
2026-06-12 22:06:45,0.150,0.700,1.17,20
2026-06-12 22:07:00,0.190,0.690,1.16,20
2026-06-12 22:07:15,0.150,0.650,1.14,20
2026-06-12 22:07:30,0.110,0.620,1.12,20
2026-06-12 22:07:45,1.59,0.940,1.22,20
2026-06-12 22:08:00,1.31,0.910,1.20,20
2026-06-12 22:08:15,1.02,0.870,1.18,20
2026-06-12 22:08:30,0.870,0.840,1.17,20
2026-06-12 22:08:45,0.830,0.830,1.16,20
2026-06-12 22:09:00,0.640,0.790,1.14,20
2026-06-12 22:09:15,0.580,0.770,1.13,20
2026-06-12 22:09:30,0.520,0.750,1.11,20
2026-06-12 22:09:45,0.410,0.710,1.09,20
2026-06-12 22:10:00,0.630,0.740,1.10,20
2026-06-12 22:10:15,0.640,0.740,1.09,20
2026-06-12 22:10:30,0.640,0.740,1.09,20
2026-06-12 22:10:45,0.490,0.700,1.07,20
2026-06-12 22:11:00,0.460,0.680,1.06,20
2026-06-12 22:11:15,0.360,0.650,1.04,20
2026-06-12 22:11:30,0.360,0.630,1.03,20
2026-06-12 22:11:45,0.280,0.600,1.01,20
2026-06-12 22:12:00,0.220,0.570,1,20
2026-06-12 22:12:15,0.240,0.560,0.990,20
2026-06-12 22:12:30,0.190,0.530,0.970,20
2026-06-12 22:12:45,0.230,0.520,0.960,20
2026-06-12 22:13:00,0.180,0.490,0.940,20
2026-06-12 22:13:15,0.140,0.470,0.930,20
2026-06-12 22:13:30,0.110,0.450,0.910,20
2026-06-12 22:13:45,0.160,0.440,0.900,20
2026-06-12 22:14:00,0.120,0.420,0.890,20
2026-06-12 22:14:15,0.0900,0.400,0.870,20
2026-06-12 22:14:30,0.0700,0.380,0.860,20
2026-06-12 22:14:45,0.0600,0.360,0.840,20
2026-06-12 22:15:00,0.120,0.360,0.830,20
2026-06-12 22:15:15,0.120,0.360,0.830,20
2026-06-12 22:15:30,0.0900,0.340,0.820,20
2026-06-12 22:15:45,0.570,0.430,0.840,20
2026-06-12 22:16:00,0.600,0.450,0.840,20
2026-06-12 22:16:15,0.620,0.460,0.840,20
2026-06-12 22:16:30,0.480,0.430,0.820,20
2026-06-12 22:16:45,0.370,0.410,0.810,20
2026-06-12 22:17:00,0.360,0.410,0.800,20
2026-06-12 22:17:15,0.280,0.390,0.790,20
2026-06-12 22:17:30,0.220,0.370,0.780,20
2026-06-12 22:17:45,0.170,0.350,0.760,20
2026-06-12 22:18:00,0.130,0.330,0.750,20
2026-06-12 22:18:15,0.170,0.330,0.740,20
2026-06-12 22:18:30,0.200,0.330,0.730,20
2026-06-12 22:18:45,0.230,0.330,0.730,20
2026-06-12 22:19:00,0.320,0.350,0.730,20
2026-06-12 22:19:15,0.250,0.330,0.710,20
2026-06-12 22:19:30,0.250,0.330,0.710,20
2026-06-12 22:19:45,0.200,0.310,0.700,20
2026-06-12 22:20:00,0.230,0.310,0.700,20
2026-06-12 22:20:15,0.250,0.310,0.690,20
2026-06-12 22:20:30,0.270,0.310,0.690,20
2026-06-12 22:20:45,0.290,0.320,0.680,20
2026-06-12 22:21:00,2.38,0.750,0.810,20
2026-06-12 22:21:15,1.92,0.730,0.810,20
2026-06-12 22:21:30,1.50,0.690,0.790,20
2026-06-12 22:21:45,1.16,0.660,0.780,20
2026-06-12 22:22:00,0.910,0.620,0.770,20
2026-06-12 22:22:15,0.910,0.620,0.770,20
2026-06-12 22:22:30,0.910,0.620,0.770,20
2026-06-12 22:22:45,0.910,0.620,0.770,20
2026-06-12 22:23:00,0.910,0.620,0.770,20
2026-06-12 22:23:15,0.910,0.620,0.770,20
2026-06-12 22:23:30,0.910,0.620,0.770,20
2026-06-12 22:23:45,0.910,0.620,0.770,20
2026-06-12 22:24:00,0.910,0.620,0.770,20
2026-06-12 22:24:15,0.910,0.620,0.770,20
2026-06-12 22:24:30,0.910,0.620,0.770,20
2026-06-12 22:24:45,0.910,0.620,0.770,20
2026-06-12 22:25:00,0.910,0.620,0.770,20
2026-06-12 22:25:15,0.910,0.620,0.770,20
2026-06-12 22:25:30,0.910,0.620,0.770,20
2026-06-12 22:25:45,0.910,0.620,0.770,20
2026-06-12 22:26:00,0.910,0.620,0.770,20
2026-06-12 22:26:15,0.910,0.620,0.770,20
2026-06-12 22:26:30,0.910,0.620,0.770,20
2026-06-12 22:26:45,0.780,0.610,0.760,20
2026-06-12 22:27:00,1.98,0.890,0.850,20
2026-06-12 22:27:15,1.95,0.930,0.860,20
2026-06-12 22:27:30,3.75,1.37,1.01,20
2026-06-12 22:27:45,5.09,1.81,1.16,20
2026-06-12 22:28:00,4.11,1.75,1.15,20
2026-06-12 22:28:15,6.77,2.44,1.39,20
2026-06-12 22:28:30,8.03,2.91,1.56,20
2026-06-12 22:28:45,8.67,3.32,1.71,20
2026-06-12 22:29:00,8.51,3.56,1.82,20
2026-06-12 22:29:15,6.62,3.39,1.79,20
2026-06-12 22:29:30,5.55,3.30,1.79,20
2026-06-12 22:29:45,5.55,3.30,1.79,20
2026-06-12 22:30:00,6.26,3.58,1.90,20
2026-06-12 22:30:15,4.87,3.41,1.87,20
2026-06-12 22:30:30,4.59,3.41,1.90,20
2026-06-12 22:30:45,5.66,3.71,2.02,20
2026-06-12 22:31:00,7.81,4.27,2.23,20
2026-06-12 22:31:15,6.67,4.19,2.24,20
2026-06-12 22:31:30,5.61,4.08,2.23,20
2026-06-12 22:31:45,5.16,4.04,2.25,20
2026-06-12 22:32:00,5.67,4.22,2.34,20
2026-06-12 22:32:15,4.64,4.06,2.32,20
2026-06-12 22:32:30,3.91,3.93,2.30,20
2026-06-12 22:32:45,5.70,4.32,2.46,20
2026-06-12 22:33:00,7.22,4.73,2.62,20
2026-06-12 22:33:15,7.73,4.97,2.73,20
2026-06-12 22:33:30,6.58,4.86,2.73,20
2026-06-12 22:33:45,5.19,4.64,2.69,20
2026-06-12 22:34:00,5.19,4.64,2.69,20
2026-06-12 22:34:15,6.45,4.92,2.82,20
2026-06-12 22:34:30,5.09,4.69,2.78,20
2026-06-12 22:34:45,4.23,4.53,2.75,20
2026-06-12 22:35:00,4.76,4.62,2.81,20
2026-06-12 22:35:15,5.29,4.74,2.88,20
2026-06-12 22:35:30,5.77,4.89,2.96,20
2026-06-12 22:35:45,6.01,5.01,3.03,20
2026-06-12 22:36:00,4.68,4.76,2.98,20
2026-06-12 22:36:15,4.94,4.81,3.02,20
2026-06-12 22:36:30,5.39,4.93,3.09,20
2026-06-12 22:36:45,4.28,4.70,3.05,20
2026-06-12 22:37:00,3.89,4.59,3.04,20
2026-06-12 22:37:15,4.46,4.69,3.09,20
2026-06-12 22:37:30,3.88,4.55,3.08,20
2026-06-12 22:37:45,3.02,4.33,3.03,20
2026-06-12 22:38:00,2.35,4.12,2.98,20
2026-06-12 22:38:15,2.35,4.12,2.98,20
2026-06-12 22:38:30,2.03,3.96,2.95,20
2026-06-12 22:38:45,1.58,3.77,2.90,20
2026-06-12 22:39:00,1.23,3.58,2.85,20
2026-06-12 22:39:15,1.03,3.42,2.81,20
2026-06-12 22:39:30,0.800,3.25,2.76,20
2026-06-12 22:39:45,0.690,3.11,2.72,20
2026-06-12 22:40:00,0.540,2.96,2.68,20
2026-06-12 22:40:15,0.420,2.81,2.64,20
2026-06-12 22:40:30,0.320,2.67,2.59,20
2026-06-12 22:40:45,0.250,2.54,2.55,20
2026-06-12 22:41:00,0.200,2.42,2.51,20
2026-06-12 22:41:15,0.230,2.31,2.47,20
2026-06-12 22:41:30,0.180,2.20,2.43,20
2026-06-12 22:41:45,0.220,2.11,2.40,20
2026-06-12 22:42:00,0.250,2.02,2.36,20
2026-06-12 22:42:15,0.190,1.92,2.33,20
2026-06-12 22:42:30,0.190,1.92,2.33,20
2026-06-12 22:42:45,0.230,1.84,2.29,20
2026-06-12 22:43:00,0.180,1.75,2.26,20
2026-06-12 22:43:15,0.210,1.68,2.22,20
2026-06-12 22:43:30,0.230,1.61,2.19,20
2026-06-12 22:43:45,0.250,1.55,2.16,20
2026-06-12 22:44:00,0.200,1.47,2.13,20
2026-06-12 22:44:15,0.230,1.42,2.10,20
2026-06-12 22:44:30,0.240,1.36,2.07,20
2026-06-12 22:44:45,0.190,1.30,2.03,20
2026-06-12 22:45:00,0.150,1.23,2,20
2026-06-12 22:45:15,0.320,1.22,1.98,20
2026-06-12 22:45:30,0.330,1.18,1.96,20
2026-06-12 22:45:45,0.260,1.12,1.92,20
2026-06-12 22:46:00,0.200,1.06,1.89,20
2026-06-12 22:46:15,0.220,1.02,1.87,20
2026-06-12 22:46:30,0.170,0.970,1.84,20
2026-06-12 22:46:45,0.170,0.970,1.84,20
2026-06-12 22:47:00,0.130,0.930,1.81,20
2026-06-12 22:47:15,0.100,0.880,1.78,20
2026-06-12 22:47:30,0.150,0.850,1.75,20
2026-06-12 22:47:45,0.120,0.810,1.72,20
2026-06-12 22:48:00,0.170,0.790,1.70,20
2026-06-12 22:48:15,0.280,0.780,1.68,20
2026-06-12 22:48:30,0.290,0.760,1.66,20
2026-06-12 22:48:45,0.230,0.720,1.63,20
2026-06-12 22:49:00,0.180,0.680,1.61,20
2026-06-12 22:49:15,0.140,0.650,1.58,20
2026-06-12 22:49:30,0.110,0.620,1.56,20
2026-06-12 22:49:45,0.360,0.650,1.55,20
2026-06-12 22:50:00,0.280,0.620,1.53,20
2026-06-12 22:50:15,0.290,0.600,1.51,20
2026-06-12 22:50:30,0.230,0.570,1.48,20
2026-06-12 22:50:45,0.170,0.550,1.46,20
2026-06-12 22:51:00,0.170,0.550,1.46,20
2026-06-12 22:51:15,0.140,0.520,1.43,20
2026-06-12 22:51:30,0.180,0.510,1.41,20
2026-06-12 22:51:45,0.220,0.500,1.40,20
2026-06-12 22:52:00,0.330,0.510,1.38,20
2026-06-12 22:52:15,0.320,0.500,1.37,20
2026-06-12 22:52:30,1.58,0.770,1.44,20
2026-06-12 22:52:45,1.23,0.730,1.42,20
2026-06-12 22:53:00,0.950,0.690,1.39,20
2026-06-12 22:53:15,1.06,0.730,1.39,20
2026-06-12 22:53:30,1.05,0.740,1.38,20
2026-06-12 22:53:45,1.04,0.750,1.38,20
2026-06-12 22:54:00,0.810,0.710,1.35,20
2026-06-12 22:54:15,0.630,0.680,1.33,20
2026-06-12 22:54:30,0.640,0.680,1.32,20
2026-06-12 22:54:45,0.630,0.680,1.31,20
2026-06-12 22:55:00,0.490,0.640,1.29,20
2026-06-12 22:55:15,0.490,0.640,1.29,20
2026-06-12 22:55:30,0.570,0.650,1.29,20
2026-06-12 22:55:45,0.440,0.620,1.26,20
2026-06-12 22:56:00,0.340,0.590,1.24,20
2026-06-12 22:56:15,0.270,0.560,1.22,20
2026-06-12 22:56:30,0.350,0.570,1.21,20
2026-06-12 22:56:45,0.270,0.540,1.19,20
2026-06-12 22:57:00,0.210,0.510,1.17,20
2026-06-12 22:57:15,0.160,0.480,1.15,20

